{"v":"5.6.9","fr":24,"ip":0,"op":24,"w":400,"h":400,"nm":"Comp 1","ddd":0,"assets":[],"fonts":{"list":[{"fName":"MalgunGothicBold","fFamily":"Malgun Gothic","fStyle":"Bold","ascent":75.927734375},{"fName":"SWItalt","fFamily":"SWItalt","fStyle":"Regular","ascent":77.7141522616148}]},"layers":[{"ddd":0,"ind":1,"ty":5,"nm":"Don’t forget to","sr":1,"ks":{"o":{"a":0,"k":100,"ix":11},"r":{"a":0,"k":0,"ix":10},"p":{"a":0,"k":[199.236,115,0],"ix":2},"a":{"a":0,"k":[0,0,0],"ix":1},"s":{"a":0,"k":[100,100,100],"ix":6}},"ao":0,"t":{"d":{"k":[{"s":{"s":35,"f":"SWItalt","t":"Don’t forget to","j":2,"tr":0,"lh":42,"ls":0,"fc":[0,0,0]},"t":0}]},"p":{},"m":{"g":1,"a":{"a":0,"k":[0,0],"ix":2}},"a":[]},"ip":0,"op":24,"st":0,"bm":0},{"ddd":0,"ind":2,"ty":4,"nm":"check mark","sr":1,"ks":{"o":{"a":0,"k":100,"ix":11},"r":{"a":0,"k":0,"ix":10},"p":{"a":0,"k":[158.743,216.004,0],"ix":2},"a":{"a":0,"k":[0,0,0],"ix":1},"s":{"a":0,"k":[75,75,100],"ix":6}},"ao":0,"hasMask":true,"masksProperties":[{"inv":false,"mode":"n","pt":{"a":0,"k":{"i":[[0,0],[0,0],[0,0]],"o":[[0,0],[0,0],[0,0]],"v":[[-133.657,-14.672],[-101.657,45.328],[-31.657,-93.338]],"c":false},"ix":1},"o":{"a":0,"k":100,"ix":3},"x":{"a":0,"k":0,"ix":4},"nm":"Mask 1"}],"ef":[{"ty":22,"nm":"Stroke","np":13,"mn":"ADBE Stroke","ix":1,"en":1,"ef":[{"ty":10,"nm":"Path","mn":"ADBE Stroke-0001","ix":1,"v":{"a":0,"k":1,"ix":1}},{"ty":7,"nm":"All Masks","mn":"ADBE Stroke-0010","ix":2,"v":{"a":0,"k":0,"ix":2}},{"ty":7,"nm":"Stroke Sequentially","mn":"ADBE Stroke-0011","ix":3,"v":{"a":0,"k":1,"ix":3}},{"ty":2,"nm":"Color","mn":"ADBE Stroke-0002","ix":4,"v":{"a":0,"k":[1,1,1,1],"ix":4}},{"ty":0,"nm":"Brush Size","mn":"ADBE Stroke-0003","ix":5,"v":{"a":0,"k":7.2,"ix":5}},{"ty":0,"nm":"Brush Hardness","mn":"ADBE Stroke-0004","ix":6,"v":{"a":0,"k":0.75,"ix":6}},{"ty":0,"nm":"Opacity","mn":"ADBE Stroke-0005","ix":7,"v":{"a":0,"k":1,"ix":7}},{"ty":0,"nm":"Start","mn":"ADBE Stroke-0008","ix":8,"v":{"a":0,"k":0,"ix":8}},{"ty":0,"nm":"End","mn":"ADBE Stroke-0009","ix":9,"v":{"a":1,"k":[{"i":{"x":[0.667],"y":[1]},"o":{"x":[0.333],"y":[0]},"t":4,"s":[0]},{"t":20,"s":[100]}],"ix":9}},{"ty":7,"nm":"Spacing","mn":"ADBE Stroke-0006","ix":10,"v":{"a":0,"k":15,"ix":10}},{"ty":7,"nm":"Paint Style","mn":"ADBE Stroke-0007","ix":11,"v":{"a":0,"k":3,"ix":11}}]}],"shapes":[{"ty":"gr","it":[{"ind":0,"ty":"sh","ix":1,"ks":{"a":0,"k":{"i":[[0,0],[0,0],[0,0],[0,0],[0,0],[0,0],[0,0]],"o":[[0,0],[0,0],[0,0],[0,0],[0,0],[0,0],[0,0]],"v":[[5.213,-119.029],[-53.982,-90.61],[-101.689,22.139],[-121.951,-28.143],[-139.505,-22.836],[-154.221,-18.386],[-100.188,64.165]],"c":true},"ix":2},"nm":"Path 1","mn":"ADBE Vector Shape - Group","hd":false},{"ty":"fl","c":{"a":0,"k":[1,0,0,1],"ix":4},"o":{"a":0,"k":100,"ix":5},"r":1,"bm":0,"nm":"Fill 1","mn":"ADBE Vector Graphic - Fill","hd":false},{"ty":"tr","p":{"a":0,"k":[0,0],"ix":2},"a":{"a":0,"k":[0,0],"ix":1},"s":{"a":0,"k":[100,100],"ix":3},"r":{"a":0,"k":0,"ix":6},"o":{"a":0,"k":100,"ix":7},"sk":{"a":0,"k":0,"ix":4},"sa":{"a":0,"k":0,"ix":5},"nm":"Transform"}],"nm":"Shape 1","np":3,"cix":2,"bm":0,"ix":1,"mn":"ADBE Vector Group","hd":false}],"ip":0,"op":24,"st":0,"bm":0},{"ddd":0,"ind":3,"ty":4,"nm":"box","sr":1,"ks":{"o":{"a":0,"k":100,"ix":11},"r":{"a":0,"k":0,"ix":10},"p":{"a":0,"k":[90,220,0],"ix":2},"a":{"a":0,"k":[0,0,0],"ix":1},"s":{"a":0,"k":[87.992,87.992,100],"ix":6}},"ao":0,"shapes":[{"ty":"rc","d":1,"s":{"a":0,"k":[100,100],"ix":2},"p":{"a":0,"k":[0,0],"ix":3},"r":{"a":0,"k":0,"ix":4},"nm":"Rectangle Path 1","mn":"ADBE Vector Shape - Rect","hd":false},{"ty":"st","c":{"a":0,"k":[0,0,0,1],"ix":3},"o":{"a":0,"k":100,"ix":4},"w":{"a":0,"k":7,"ix":5},"lc":1,"lj":1,"ml":4,"bm":0,"nm":"Stroke 1","mn":"ADBE Vector Graphic - Stroke","hd":false}],"ip":0,"op":24,"st":0,"bm":0},{"ddd":0,"ind":4,"ty":5,"nm":"OTE!","sr":1,"ks":{"o":{"a":0,"k":100,"ix":11},"r":{"a":0,"k":0,"ix":10},"p":{"a":0,"k":[259.662,255.889,0],"ix":2},"a":{"a":0,"k":[0,0,0],"ix":1},"s":{"a":0,"k":[100,100,100],"ix":6}},"ao":0,"t":{"d":{"k":[{"s":{"s":100,"f":"MalgunGothicBold","t":"OTE!","j":2,"tr":0,"lh":120,"ls":0,"fc":[0.055,0.25,0.882]},"t":0}]},"p":{},"m":{"g":1,"a":{"a":0,"k":[0,0],"ix":2}},"a":[]},"ip":0,"op":24,"st":0,"bm":0},{"ddd":0,"ind":5,"ty":1,"nm":"White Solid 1","sr":1,"ks":{"o":{"a":0,"k":100,"ix":11},"r":{"a":0,"k":0,"ix":10},"p":{"a":0,"k":[200,200,0],"ix":2},"a":{"a":0,"k":[200,200,0],"ix":1},"s":{"a":0,"k":[100,100,100],"ix":6}},"ao":0,"sw":400,"sh":400,"sc":"#ffffff","ip":0,"op":24,"st":0,"bm":0}],"markers":[],"chars":[{"ch":"O","size":100,"style":"Bold","w":77.64,"data":{"shapes":[{"ty":"gr","it":[{"ind":0,"ty":"sh","ix":1,"ks":{"a":0,"k":{"i":[[-6.364,-6.803],[-10.287,0],[-6.429,6.982],[0,11.263],[6.233,6.82],[10.221,0],[6.494,-7.031],[0,-11.295]],"o":[[6.364,6.804],[10.579,0],[6.429,-6.982],[0,-10.677],[-6.234,-6.819],[-10.775,0],[-6.494,7.031],[0,10.58]],"v":[[13.55,-8.936],[38.525,1.27],[64.038,-9.204],[73.682,-36.572],[64.331,-62.817],[39.648,-73.047],[13.745,-62.5],[4.004,-35.01]],"c":true},"ix":2},"nm":"O","mn":"ADBE Vector Shape - Group","hd":false},{"ind":1,"ty":"sh","ix":2,"ks":{"a":0,"k":{"i":[[-3.662,4.736],[-6.38,0],[-3.451,-4.524],[0,-7.845],[3.564,-4.443],[6.413,0],[3.596,4.671],[0,7.292]],"o":[[3.662,-4.736],[6.315,0],[3.45,4.525],[0,7.617],[-3.564,4.443],[-6.185,0],[-3.597,-4.671],[0,-7.291]],"v":[[24.146,-53.833],[39.209,-60.938],[53.857,-54.15],[59.033,-35.596],[53.687,-17.505],[38.721,-10.84],[24.048,-17.847],[18.652,-35.791]],"c":true},"ix":2},"nm":"O","mn":"ADBE Vector Shape - Group","hd":false}],"nm":"O","np":5,"cix":2,"bm":0,"ix":1,"mn":"ADBE Vector Group","hd":false}]},"fFamily":"Malgun Gothic"},{"ch":"T","size":100,"style":"Bold","w":60.35,"data":{"shapes":[{"ty":"gr","it":[{"ind":0,"ty":"sh","ix":1,"ks":{"a":0,"k":{"i":[[0,0],[0,0],[0,0],[0,0],[0,0],[0,0],[0,0],[0,0]],"o":[[0,0],[0,0],[0,0],[0,0],[0,0],[0,0],[0,0],[0,0]],"v":[[56.689,-71.875],[1.66,-71.875],[1.66,-60.303],[22.168,-60.303],[22.168,0],[36.133,0],[36.133,-60.303],[56.689,-60.303]],"c":true},"ix":2},"nm":"T","mn":"ADBE Vector Shape - Group","hd":false}],"nm":"T","np":3,"cix":2,"bm":0,"ix":1,"mn":"ADBE Vector Group","hd":false}]},"fFamily":"Malgun Gothic"},{"ch":"E","size":100,"style":"Bold","w":53.86,"data":{"shapes":[{"ty":"gr","it":[{"ind":0,"ty":"sh","ix":1,"ks":{"a":0,"k":{"i":[[0,0],[0,0],[0,0],[0,0],[0,0],[0,0],[0,0],[0,0],[0,0],[0,0],[0,0],[0,0]],"o":[[0,0],[0,0],[0,0],[0,0],[0,0],[0,0],[0,0],[0,0],[0,0],[0,0],[0,0],[0,0]],"v":[[50.146,-11.523],[22.461,-11.523],[22.461,-30.469],[46.68,-30.469],[46.68,-41.992],[22.461,-41.992],[22.461,-60.303],[48.535,-60.303],[48.535,-71.875],[8.545,-71.875],[8.545,0],[50.146,0]],"c":true},"ix":2},"nm":"E","mn":"ADBE Vector Shape - Group","hd":false}],"nm":"E","np":3,"cix":2,"bm":0,"ix":1,"mn":"ADBE Vector Group","hd":false}]},"fFamily":"Malgun Gothic"},{"ch":"!","size":100,"style":"Bold","w":32.32,"data":{"shapes":[{"ty":"gr","it":[{"ind":0,"ty":"sh","ix":1,"ks":{"a":0,"k":{"i":[[0,0],[0,0],[0,0],[0,0]],"o":[[0,0],[0,0],[0,0],[0,0]],"v":[[8.887,-71.875],[10.498,-21.777],[21.582,-21.777],[23.242,-71.875]],"c":true},"ix":2},"nm":"!","mn":"ADBE Vector Shape - Group","hd":false},{"ind":1,"ty":"sh","ix":2,"ks":{"a":0,"k":{"i":[[-1.53,-1.465],[-2.734,0],[-1.514,1.432],[0,2.116],[1.546,1.449],[2.278,0],[1.595,-1.399],[0,-2.18]],"o":[[1.53,1.465],[2.018,0],[1.514,-1.432],[0,-2.083],[-1.546,-1.448],[-2.279,0],[-1.595,1.4],[0,2.051]],"v":[[10.303,-1.123],[16.699,1.074],[21.997,-1.074],[24.268,-6.396],[21.948,-11.694],[16.211,-13.867],[10.4,-11.768],[8.008,-6.396]],"c":true},"ix":2},"nm":"!","mn":"ADBE Vector Shape - Group","hd":false}],"nm":"!","np":5,"cix":2,"bm":0,"ix":1,"mn":"ADBE Vector Group","hd":false}]},"fFamily":"Malgun Gothic"},{"ch":"D","size":35,"style":"Regular","w":80.27,"data":{"shapes":[{"ty":"gr","it":[{"ind":0,"ty":"sh","ix":1,"ks":{"a":0,"k":{"i":[[0,0],[0,0],[0.42,0],[0.42,0],[0.209,0],[0.386,-0.422],[0,-0.633],[-0.142,-0.422],[-1.266,0],[0,0],[0,0],[0,0],[0,0],[0,0],[0,0],[0,0],[0.458,-0.468],[0,-0.864],[-0.844,-0.145],[0,0],[0,0],[0,0],[0,0],[0,0],[0,0],[0,0],[1.193,3.451],[0,0]],"o":[[0,0],[-0.211,0],[-0.211,0],[-0.422,0],[-0.982,0],[-0.386,0.422],[0,0.211],[0.422,0.844],[0,0],[0,0],[0,0],[0,0],[0,0],[0,0],[0,0],[-1.195,0],[-0.457,0.468],[0.142,1.009],[0,0],[0,0],[0,0],[0,0],[0,0],[0,0],[0,0],[-1.404,-4.295],[0,0],[0,0]],"v":[[52.886,-75.527],[24.25,-75.527],[23.304,-75.527],[22.356,-75.527],[21.409,-75.527],[19.355,-74.895],[18.776,-73.312],[18.987,-72.363],[21.519,-71.097],[24.051,-71.097],[27.11,-70.253],[27.848,-68.671],[10.021,-6.329],[7.595,-3.797],[3.481,-2.321],[1.055,-2.321],[-1.424,-1.619],[-2.11,0.381],[-0.633,2.11],[31.329,2.215],[46.203,-1.271],[53.481,-4.968],[61.181,-12.573],[68.46,-26.938],[72.046,-41.41],[72.046,-56.092],[68.152,-67.712],[63.941,-71.936]],"c":true},"ix":2},"nm":"D","mn":"ADBE Vector Shape - Group","hd":false},{"ind":1,"ty":"sh","ix":2,"ks":{"a":0,"k":{"i":[[0,0],[0,0],[0,0],[0,0],[0,0],[0,0],[0,0],[0,0],[0,0],[0,0],[0,0],[0,0],[0,0],[0,0]],"o":[[0,0],[0,0],[0,0],[0,0],[0,0],[0,0],[0,0],[0,0],[0,0],[0,0],[0,0],[0,0],[0,0],[0,0]],"v":[[60.654,-55.274],[60.654,-41.878],[57.278,-28.692],[50.633,-15.401],[40.717,-5.485],[30.907,-2.321],[24.578,-2.321],[21.941,-3.166],[21.203,-4.75],[39.135,-67.293],[41.456,-69.619],[45.675,-71.097],[51.582,-71.097],[57.489,-64.979]],"c":true},"ix":2},"nm":"D","mn":"ADBE Vector Shape - Group","hd":false}],"nm":"D","np":5,"cix":2,"bm":0,"ix":1,"mn":"ADBE Vector Group","hd":false}]},"fFamily":"SWItalt"},{"ch":"o","size":35,"style":"Regular","w":69.83,"data":{"shapes":[{"ty":"gr","it":[{"ind":0,"ty":"sh","ix":1,"ks":{"a":0,"k":{"i":[[0,0],[0,0],[2.812,-0.775],[0,0],[0,0],[0,0],[0,0],[-0.913,-2.535],[0,0],[0,0],[0,0],[0,0],[0,0],[0,0],[0,0],[0,0],[0,0],[0.913,0.705]],"o":[[0,0],[-4.361,1.622],[0,0],[0,0],[0,0],[0,0],[1.684,5.215],[0,0],[0,0],[0,0],[0,0],[0,0],[0,0],[0,0],[0,0],[0,0],[-2.11,-2.255],[0,0]],"v":[[42.3,-51.055],[31.013,-51.16],[20.253,-47.567],[19.515,-47.144],[12.131,-36.152],[8.333,-25.054],[8.333,-17.337],[12.228,-5.713],[16.439,-1.591],[27.283,2.215],[38.548,2.215],[49.496,-1.272],[50.443,-1.801],[57.813,-12.899],[61.498,-23.891],[61.498,-31.608],[57.806,-43.021],[53.27,-47.462]],"c":true},"ix":2},"nm":"o","mn":"ADBE Vector Shape - Group","hd":false},{"ind":1,"ty":"sh","ix":2,"ks":{"a":0,"k":{"i":[[0,0],[0,0],[0.981,-2.756],[1.261,-2.12],[0,0],[0,0],[0,0],[0,0],[0,0],[-1.688,2.756],[0,0],[0,0],[0,0]],"o":[[0,0],[-0.982,2.827],[-1.192,3.25],[0,0],[0,0],[0,0],[0,0],[0,0],[2.743,-8.195],[0,0],[0,0],[0,0],[0,0]],"v":[[50.105,-34.436],[50.105,-24.578],[47.162,-16.205],[43.483,-8.15],[37.492,-2.215],[28.451,-2.215],[22.879,-5.076],[19.726,-14.722],[19.726,-24.367],[26.371,-40.795],[32.278,-46.73],[41.456,-46.73],[47.046,-43.974]],"c":true},"ix":2},"nm":"o","mn":"ADBE Vector Shape - Group","hd":false}],"nm":"o","np":5,"cix":2,"bm":0,"ix":1,"mn":"ADBE Vector Group","hd":false}]},"fFamily":"SWItalt"},{"ch":"n","size":35,"style":"Regular","w":83.75,"data":{"shapes":[{"ty":"gr","it":[{"ind":0,"ty":"sh","ix":1,"ks":{"a":0,"k":{"i":[[0,0],[0,0],[0.14,-0.211],[0,0],[0,0],[0,0],[-0.071,-0.211],[-1.266,-0.142],[-0.422,0.567],[0,0],[0,0],[0,0],[0,0],[0,0],[0,0],[0,0],[0,-0.14],[-0.071,-0.142],[-0.704,-0.283],[0,0],[-0.493,0.704],[0,0],[0,0],[0,0],[0,0],[0,0],[0,0],[0,0],[0,0],[0,0],[0,0],[0,0],[0,0],[0,0],[0,0],[0,0],[0,0],[0,0.422],[0.351,0.282],[0.913,0],[0.491,-0.491],[0,0],[0,0],[0,0],[0,0],[0,0],[0,0],[0,0],[0,0],[0,0],[0,0],[0,0],[0,0],[0,0],[0.633,-1.068],[0,0.85],[0,0],[0,0]],"o":[[0,0],[-0.422,0.142],[0,0],[0,0],[0,0],[0,0.283],[0.28,0.849],[0.633,-0.069],[0,0],[0,0],[0,0],[0,0],[0,0],[0,0],[0,0],[-0.422,1.48],[0,0.282],[0.211,0.704],[0,0],[0.633,0],[0,0],[0,0],[0,0],[0,0],[0,0],[0,0],[0,0],[0,0],[0,0],[0,0],[0,0],[0,0],[0,0],[0,0],[0,0],[0,0],[0.069,-0.14],[0,-0.491],[-0.353,-0.562],[-0.493,0],[0,0],[0,0],[0,0],[0,0],[0,0],[0,0],[0,0],[0,0],[0,0],[0,0],[0,0],[0,0],[0,0],[-1.477,2.067],[-0.071,-1.628],[0,0],[0,0],[0,0]],"v":[[21.624,-51.055],[13.502,-51.16],[12.658,-50.63],[5.063,-43.204],[2.215,-37.368],[1.266,-34.823],[1.371,-34.08],[3.692,-32.595],[5.274,-33.551],[8.65,-40.353],[14.873,-46.73],[19.937,-46.73],[22.152,-44.51],[22.152,-39.119],[19.409,-27.49],[12.342,-2.331],[11.709,0.101],[11.814,0.735],[13.186,2.215],[21.203,2.215],[22.89,1.159],[29.958,-26.961],[36.392,-36.687],[43.143,-43.559],[49.262,-46.73],[55.274,-46.73],[60.549,-44.088],[60.549,-39.013],[53.692,-21.781],[53.692,-9.837],[57.384,-2.225],[61.287,1.686],[62.236,2.215],[70.042,2.215],[70.886,2.11],[78.481,-5.485],[82.384,-13.291],[82.489,-14.135],[81.962,-15.295],[80.063,-16.139],[78.587,-15.401],[75.105,-8.544],[68.882,-2.215],[63.819,-2.215],[61.498,-4.44],[61.498,-9.843],[68.46,-27.217],[68.46,-39.189],[64.873,-46.499],[64.241,-47.241],[56.329,-51.16],[48.207,-51.16],[40.717,-47.419],[33.333,-40.042],[30.169,-35.338],[30.063,-39.054],[26.371,-46.488],[22.363,-50.63]],"c":true},"ix":2},"nm":"n","mn":"ADBE Vector Shape - Group","hd":false}],"nm":"n","np":3,"cix":2,"bm":0,"ix":1,"mn":"ADBE Vector Group","hd":false}]},"fFamily":"SWItalt"},{"ch":"’","size":35,"style":"Regular","w":25.88,"data":{"shapes":[{"ty":"gr","it":[{"ind":0,"ty":"sh","ix":1,"ks":{"a":0,"k":{"i":[[-1.921,2.084],[0,3.841],[1.741,1.839],[2.18,0],[1.367,-1.237],[0,-1.627],[-1.009,-0.977],[-1.302,0],[-0.847,0.293],[-0.359,0],[-0.391,-0.488],[0,-1.009],[0.846,-1.237],[3.352,-1.985],[0,0]],"o":[[2.897,-3.157],[0,-2.734],[-1.742,-1.839],[-1.888,0],[-1.009,0.912],[0,1.465],[1.009,0.977],[0.553,0],[0.586,-0.227],[0.455,0],[0.358,0.488],[0,1.726],[-1.205,1.726],[0,0],[3.645,-1.367]],"v":[[19.971,-47.607],[24.316,-58.105],[21.704,-64.966],[15.82,-67.725],[10.938,-65.869],[9.424,-62.061],[10.938,-58.398],[14.404,-56.934],[16.504,-57.373],[17.92,-57.715],[19.189,-56.982],[19.727,-54.736],[18.457,-50.293],[11.621,-44.727],[11.621,-42.432]],"c":true},"ix":2},"nm":"’","mn":"ADBE Vector Shape - Group","hd":false}],"nm":"’","np":3,"cix":2,"bm":0,"ix":1,"mn":"ADBE Vector Group","hd":false}]},"fFamily":"SWItalt"},{"ch":"t","size":35,"style":"Regular","w":15.39,"data":{"shapes":[{"ty":"gr","it":[{"ind":0,"ty":"sh","ix":1,"ks":{"a":0,"k":{"i":[[0,0],[0.748,-1.237],[1.871,-1.709],[1.79,-0.716],[0,0],[0,0],[0,0],[-0.684,-1.546],[-1.433,-0.83],[-1.498,0],[-2.084,1.611],[-1.14,3.191],[0,0],[1.009,-0.667],[1.074,0],[0.83,1.009],[0,2.898],[0,0],[0,0],[0,0],[0,0],[0,0]],"o":[[-1.335,3.288],[-1.465,2.344],[-1.872,1.709],[0,0],[0,0],[0,0],[0,3.223],[0.684,1.546],[1.432,0.83],[2.213,0],[2.083,-1.611],[0,0],[-0.554,1.302],[-1.009,0.668],[-1.302,0],[-0.83,-1.009],[0,0],[0,0],[0,0],[0,0],[0,0],[0,0]],"v":[[14.6,-59.424],[11.475,-52.637],[6.47,-46.558],[0.977,-42.92],[0.977,-41.309],[8.057,-41.309],[8.057,-11.23],[9.082,-4.077],[12.256,-0.513],[16.65,0.732],[23.096,-1.685],[27.93,-8.887],[26.025,-8.887],[23.682,-5.933],[20.557,-4.932],[17.358,-6.445],[16.113,-12.305],[16.113,-41.309],[26.563,-41.309],[26.563,-44.727],[16.113,-44.727],[16.113,-59.424]],"c":true},"ix":2},"nm":"t","mn":"ADBE Vector Shape - Group","hd":false}],"nm":"t","np":3,"cix":2,"bm":0,"ix":1,"mn":"ADBE Vector Group","hd":false}]},"fFamily":"SWItalt"},{"ch":" ","size":35,"style":"Regular","w":35.76,"data":{},"fFamily":"SWItalt"},{"ch":"f","size":35,"style":"Regular","w":55.8,"data":{"shapes":[{"ty":"gr","it":[{"ind":0,"ty":"sh","ix":1,"ks":{"a":0,"k":{"i":[[0,0],[0,0],[1.688,-0.839],[0,0],[0,0],[0,0],[0,0],[0,-0.984],[-0.176,-0.527],[-0.775,-0.28],[0,0],[0,0],[0,0],[0.907,-2.963],[1.324,-2.187],[0,0],[0,0],[0,0.28],[0,0],[0,0],[0.603,0.069],[0.923,0.069],[0.498,0],[1.846,-0.142],[0.283,-0.709],[0,0],[0,0],[0,0],[0,0],[0,0],[0,0],[0,0],[0,0],[0,0],[0,0],[0,0],[0,0],[0,0],[0,1.052],[0.913,0.422],[0,0],[0,0],[0,0],[0,0],[0,0],[0,-0.14],[0.069,-0.984],[0,-0.491],[-0.142,-1.828],[-0.564,-0.069],[-0.986,-0.069],[-0.422,0],[-1.688,0.142],[-0.071,0.704],[0,0],[0,0],[0,0]],"o":[[0,0],[-3.376,1.612],[0,0],[0,0],[0,0],[0,0],[-1.126,0.422],[0,0.211],[0.175,0.527],[0,0],[0,0],[0,0],[-0.976,2.891],[-1.185,3.385],[0,0],[0,0],[0,-0.282],[0,0],[0,0],[-0.214,-0.633],[-0.603,-0.071],[-0.992,0],[-0.994,0],[-0.498,0.283],[0,0],[0,0],[0,0],[0,0],[0,0],[0,0],[0,0],[0,0],[0,0],[0,0],[0,0],[0,0],[0,0],[0.844,-0.49],[0,-0.839],[0,0],[0,0],[0,0],[0,0],[0,0],[-0.211,0.282],[0,0.422],[0,0.986],[0,0.986],[0.351,0.633],[0.562,0.071],[0.984,0],[1.055,0],[0.773,-0.351],[0,0],[0,0],[0,0],[0,0]],"v":[[56.751,-75.422],[48.523,-75.527],[40.928,-71.852],[33.122,-64.184],[29.641,-57.252],[27.532,-51.16],[13.502,-51.16],[11.814,-49.051],[12.078,-47.943],[13.502,-46.73],[26.055,-46.73],[23.128,-35.303],[15.599,-1.231],[12.775,7.55],[9.012,15.908],[2.843,22.152],[2.215,22.152],[2.215,21.308],[2.215,13.608],[2.003,12.975],[0.778,11.92],[-1.511,11.709],[-3.746,11.709],[-8.005,11.921],[-9.177,13.408],[-9.177,20.95],[-8.861,22.013],[-4.747,26.368],[-3.797,26.793],[4.114,26.793],[11.603,23.091],[19.304,15.473],[22.89,8.386],[26.477,-2.299],[33.439,-29.91],[36.814,-46.73],[52.215,-46.73],[53.376,-46.835],[54.641,-49.146],[53.27,-51.037],[38.08,-51.141],[40.401,-58.073],[43.671,-64.69],[49.895,-70.992],[50.633,-70.992],[50.316,-70.359],[50.211,-68.249],[50.211,-66.034],[50.422,-61.814],[51.793,-60.759],[54.114,-60.549],[56.224,-60.549],[60.338,-60.759],[61.603,-62.342],[61.603,-70.148],[61.392,-70.781],[57.384,-75]],"c":true},"ix":2},"nm":"f","mn":"ADBE Vector Shape - Group","hd":false}],"nm":"f","np":3,"cix":2,"bm":0,"ix":1,"mn":"ADBE Vector Group","hd":false}]},"fFamily":"SWItalt"},{"ch":"r","size":35,"style":"Regular","w":62.76,"data":{"shapes":[{"ty":"gr","it":[{"ind":0,"ty":"sh","ix":1,"ks":{"a":0,"k":{"i":[[0,0],[0,0],[0.14,-0.211],[0,0],[0,0],[0.28,-0.565],[0,-0.353],[-0.071,-0.211],[-1.266,-0.142],[-0.422,0.567],[0,0],[0,0],[0,0],[0,0],[0,0],[0,0],[0,0],[0.211,-0.527],[0,-0.282],[0,-0.142],[0,-0.071],[-0.704,-0.282],[0,0],[-0.422,0.704],[0,0],[0,0],[0,0],[0,0],[0,0],[0,-0.142],[0,0],[-0.142,-1.846],[-0.704,-0.283],[-1.899,-0.071],[-1.759,0.143],[-0.142,0.714],[0,0],[0,0],[0,0],[0,0],[0,0],[0,0],[0,0],[0.633,-1.281],[0,1.132],[0,0.567],[0,0],[0,0]],"o":[[0,0],[-0.422,0.142],[0,0],[0,0],[-0.071,0.213],[-0.282,0.565],[0,0.283],[0.28,0.849],[0.633,-0.069],[0,0],[0,0],[0,0],[0,0],[0,0],[0,0],[0,0],[0,0.282],[-0.211,0.529],[0,0.069],[0.069,0.14],[0.211,0.702],[0,0],[0.773,0],[0,0],[0,0],[0,0],[0,0],[0,0],[-0.211,0.283],[0,0],[0,1.066],[0.28,0.498],[1.335,0],[0.633,0],[0.702,-0.356],[0,0],[0,0],[0,0],[0,0],[0,0],[0,0],[0,0],[-1.337,2.565],[-0.071,-0.565],[0,-1.132],[0,0],[0,0],[0,0]],"v":[[21.624,-51.055],[13.502,-51.16],[12.658,-50.63],[5.063,-43.204],[2.215,-37.368],[1.688,-36.201],[1.266,-34.823],[1.371,-34.08],[3.692,-32.595],[5.274,-33.551],[8.65,-40.353],[14.873,-46.73],[19.937,-46.73],[22.152,-44.51],[22.152,-39.119],[19.409,-27.489],[12.342,-2.326],[12.025,-1.111],[11.709,0.105],[11.709,0.422],[11.814,0.738],[13.186,2.215],[21.097,2.215],[22.89,1.159],[29.958,-23.474],[36.603,-36.898],[43.143,-43.559],[49.262,-46.73],[50.422,-46.623],[50.105,-45.985],[50.105,-41.723],[50.316,-37.355],[51.793,-36.183],[56.646,-36.076],[60.232,-36.29],[61.498,-37.894],[61.498,-45.812],[61.287,-46.56],[57.173,-50.732],[56.435,-51.16],[48.207,-51.16],[40.823,-47.529],[33.122,-39.733],[30.169,-33.966],[30.063,-36.513],[30.063,-39.061],[26.371,-46.491],[22.363,-50.63]],"c":true},"ix":2},"nm":"r","mn":"ADBE Vector Shape - Group","hd":false}],"nm":"r","np":3,"cix":2,"bm":0,"ix":1,"mn":"ADBE Vector Group","hd":false}]},"fFamily":"SWItalt"},{"ch":"g","size":35,"style":"Regular","w":73.31,"data":{"shapes":[{"ty":"gr","it":[{"ind":0,"ty":"sh","ix":1,"ks":{"a":0,"k":{"i":[[0,0],[0,0],[2.812,-0.775],[0,0],[0,0],[0,0],[0,0],[0,0],[0,0],[-1.752,-0.775],[0,0],[-1.823,0.915],[0,0],[0,0],[0,0],[0,0],[1.055,0.491],[-0.493,0.246],[-0.142,0.633],[0,0],[0.069,0.844],[0.702,0.211],[0,0],[0,0],[0.28,-0.844],[0,0],[0,0],[0,0],[0,0],[0,0],[0,0],[0,0],[0,0],[0,0],[0,0],[1.055,0.283],[0,0],[0.351,-0.567],[0,0],[0.633,1.984],[0,0]],"o":[[0,0],[-4.361,1.622],[0,0],[0,0],[0,0],[0,0],[0,0],[0,0],[3.504,1.833],[0,0],[3.573,-1.899],[0,0],[0,0],[0,0],[0,0],[-2.181,-1.126],[0.913,0],[0.491,-0.247],[0,0],[0,-1.688],[-0.282,-0.633],[0,0],[0,0],[-0.493,0.14],[0,0],[0,0],[0,0],[0,0],[0,0],[0,0],[0,0],[0,0],[0,0],[0,0],[0,-1.057],[0,0],[-0.775,0.142],[0,0],[-1.337,-3.827],[0,0],[0,0]],"v":[[39.135,-51.053],[31.118,-51.16],[20.359,-47.567],[19.62,-47.144],[12.236,-36.152],[8.439,-25.054],[8.439,-17.337],[12.223,-5.818],[16.324,-1.696],[24.209,2.215],[32.199,2.215],[40.295,-2.004],[36.603,9.388],[29.958,19.198],[24.156,22.152],[14.557,22.152],[9.705,19.726],[11.814,19.357],[12.764,18.038],[12.764,13.397],[12.658,9.599],[11.181,8.333],[3.376,8.333],[2.532,8.544],[1.371,10.021],[1.371,17.827],[1.793,18.882],[5.802,22.785],[13.291,26.582],[24.684,26.793],[36.076,23.091],[43.671,15.475],[50.844,1.302],[64.873,-47.458],[65.19,-49.046],[63.608,-51.055],[55.696,-51.16],[54.008,-50.097],[50.422,-37.658],[47.468,-46.376],[46.73,-47.226]],"c":true},"ix":2},"nm":"g","mn":"ADBE Vector Shape - Group","hd":false},{"ind":1,"ty":"sh","ix":2,"ks":{"a":0,"k":{"i":[[0,0],[0,0],[1.47,-2.331],[0,0],[0,0],[0,0],[0,0],[0,0],[0,0],[-1.688,2.756],[0,0],[0,0],[0,0]],"o":[[0,0],[-2.942,8.693],[0,0],[0,0],[0,0],[0,0],[0,0],[0,0],[2.743,-8.195],[0,0],[0,0],[0,0],[0,0]],"v":[[46.73,-34.223],[46.624,-24.685],[40.005,-8.15],[37.063,-5.289],[30.97,-2.215],[25.506,-2.215],[22.984,-4.866],[19.831,-14.722],[19.831,-24.367],[26.477,-40.795],[32.384,-46.73],[38.08,-46.73],[43.671,-43.869]],"c":true},"ix":2},"nm":"g","mn":"ADBE Vector Shape - Group","hd":false}],"nm":"g","np":5,"cix":2,"bm":0,"ix":1,"mn":"ADBE Vector Group","hd":false}]},"fFamily":"SWItalt"},{"ch":"e","size":35,"style":"Regular","w":62.76,"data":{"shapes":[{"ty":"gr","it":[{"ind":0,"ty":"sh","ix":1,"ks":{"a":0,"k":{"i":[[0,0],[2.818,-0.775],[0,0],[0,0],[0,0],[0,0],[0,0],[0,0],[-1.759,-0.775],[0,0],[0,0],[0,0],[0,0],[0,0.493],[0.069,0.142],[0.491,0.071],[0.351,0],[0.211,-0.211],[0,0],[0,0],[0,0],[0,0],[0,0],[0,0],[0,0],[0,0],[-1.477,1.058],[0,0],[0,0],[0,0],[0,0],[1.762,0.847]],"o":[[-4.371,1.622],[0,0],[0,0],[0,0],[0,0],[0,0],[0,0],[3.516,1.833],[0,0],[0,0],[0,0],[0,0],[0.211,-0.28],[0,-0.351],[-0.422,-0.844],[-0.142,-0.069],[-0.493,0],[0,0],[0,0],[0,0],[0,0],[0,0],[0,0],[0,0],[0,0],[6.118,-4.088],[0,0],[0,0],[0,0],[0,0],[-3.524,-1.691],[0,0]],"v":[[30.958,-51.16],[20.176,-47.567],[19.434,-47.144],[11.928,-36.152],[8.228,-25.054],[8.228,-17.337],[12.025,-5.818],[16.139,-1.696],[24.051,2.215],[31.54,2.215],[42.405,-1.266],[43.143,-1.688],[50.738,-9.283],[51.055,-10.443],[50.949,-11.181],[49.578,-12.553],[48.84,-12.658],[47.785,-12.342],[40.612,-5.38],[31.329,-2.215],[25.422,-2.215],[22.785,-4.752],[19.726,-14.161],[19.726,-16.592],[27.321,-18.495],[39.346,-22.406],[50.738,-30.123],[54.43,-37.629],[54.536,-38.898],[50.836,-46.404],[50.201,-47.249],[42.272,-51.055]],"c":true},"ix":2},"nm":"e","mn":"ADBE Vector Shape - Group","hd":false},{"ind":1,"ty":"sh","ix":2,"ks":{"a":0,"k":{"i":[[0,0],[0,0],[0,0],[3.234,-0.709],[0,0],[-1.619,2.695],[0,0],[0,0],[0,0]],"o":[[0,0],[0,0],[-8.439,2.766],[0,0],[2.812,-8.366],[0,0],[0,0],[0,0],[0,0]],"v":[[49.789,-38.54],[47.152,-33.009],[37.342,-26.414],[19.831,-21.203],[19.726,-24.181],[26.371,-40.773],[32.278,-46.73],[41.456,-46.73],[47.152,-43.859]],"c":true},"ix":2},"nm":"e","mn":"ADBE Vector Shape - Group","hd":false}],"nm":"e","np":5,"cix":2,"bm":0,"ix":1,"mn":"ADBE Vector Group","hd":false}]},"fFamily":"SWItalt"}]}